category194;393;product224;58523;
category194;393;product225;58524;
category194;393;product226;58525;
category194;393;product227;58526;
category194;393;product228;58527;
category194;393;product229;58528;
category194;393;product230;58529;
category194;393;product231;58530;
category194;393;product232;58531;
category194;393;product233;58532;
category194;393;product234;58533;
category194;393;product235;58534;
category194;393;product236;58535;
category194;393;product237;58536;
category194;393;product238;58537;
category194;393;product239;58538;
category194;393;product240;58539;
category194;393;product241;58540;
category194;393;product242;58541;
category194;393;product243;58542;
category194;393;product244;58543;
category194;393;product245;58544;
category194;393;product246;58545;
category194;393;product247;58546;
category194;393;product248;58547;
category194;393;product249;58548;
category194;393;product250;58549;
category194;393;product251;58550;
category194;393;product252;58551;
category194;393;product253;58552;
category194;393;product254;58553;
