category192;391;product244;57943;
category192;391;product245;57944;
category192;391;product246;57945;
category192;391;product247;57946;
category192;391;product248;57947;
category192;391;product249;57948;
category192;391;product250;57949;
category192;391;product251;57950;
category192;391;product252;57951;
category192;391;product253;57952;
category192;391;product254;57953;
category192;391;product255;57954;
category192;391;product256;57955;
category192;391;product257;57956;
category192;391;product258;57957;
category192;391;product259;57958;
category192;391;product260;57959;
category192;391;product261;57960;
